,run_no,predict,valid
0,1,rough,rough
1,1,smooth,smooth
2,1,rough,rough
3,1,smooth,smooth
4,1,rough,rough
5,1,smooth,rough
6,1,rough,rough
7,1,rough,rough
8,1,rough,rough
9,1,smooth,smooth
10,1,rough,rough
11,1,smooth,smooth
12,1,rough,rough
13,1,smooth,smooth
14,1,rough,smooth
15,1,rough,smooth
16,1,smooth,smooth
17,1,rough,rough
18,1,smooth,rough
19,1,smooth,rough
20,1,smooth,smooth
21,1,smooth,smooth
22,1,smooth,rough
23,1,rough,smooth
24,1,rough,smooth
25,1,smooth,smooth
26,2,smooth,smooth
27,2,rough,rough
28,2,smooth,smooth
29,2,smooth,smooth
30,2,rough,smooth
31,2,rough,smooth
32,2,smooth,rough
33,2,smooth,smooth
34,2,smooth,smooth
35,2,rough,smooth
36,2,rough,smooth
37,2,rough,rough
38,2,rough,rough
39,2,rough,rough
40,2,rough,rough
41,2,smooth,smooth
42,2,rough,rough
43,2,rough,smooth
44,2,rough,rough
45,2,rough,smooth
46,2,rough,rough
47,2,smooth,rough
48,2,rough,rough
49,2,rough,smooth
50,2,rough,rough
51,2,smooth,rough
52,3,smooth,rough
53,3,smooth,rough
54,3,rough,smooth
55,3,smooth,rough
56,3,rough,rough
57,3,smooth,smooth
58,3,rough,rough
59,3,rough,rough
60,3,smooth,rough
61,3,smooth,rough
62,3,smooth,smooth
63,3,smooth,smooth
64,3,smooth,smooth
65,3,smooth,smooth
66,3,rough,rough
67,3,smooth,rough
68,3,rough,rough
69,3,smooth,rough
70,3,smooth,rough
71,3,smooth,smooth
72,3,rough,rough
73,3,smooth,smooth
74,3,smooth,rough
75,3,rough,rough
76,3,smooth,rough
77,3,smooth,smooth
78,4,rough,rough
79,4,rough,rough
80,4,smooth,smooth
81,4,rough,smooth
82,4,smooth,rough
83,4,rough,smooth
84,4,rough,rough
85,4,smooth,smooth
86,4,smooth,rough
87,4,smooth,rough
88,4,rough,smooth
89,4,smooth,rough
90,4,smooth,rough
91,4,rough,rough
92,4,smooth,rough
93,4,smooth,smooth
94,4,rough,rough
95,4,rough,rough
96,4,rough,smooth
97,4,smooth,smooth
98,4,rough,rough
99,4,rough,smooth
100,4,rough,rough
101,4,smooth,smooth
102,4,rough,rough
103,4,smooth,smooth
104,5,smooth,smooth
105,5,rough,smooth
106,5,smooth,smooth
107,5,smooth,rough
108,5,rough,smooth
109,5,rough,rough
110,5,smooth,smooth
111,5,rough,smooth
112,5,smooth,smooth
113,5,smooth,rough
114,5,rough,rough
115,5,smooth,smooth
116,5,rough,smooth
117,5,rough,rough
118,5,rough,rough
119,5,rough,rough
120,5,rough,rough
121,5,smooth,smooth
122,5,smooth,smooth
123,5,smooth,smooth
124,5,rough,rough
125,5,rough,rough
126,5,rough,rough
127,5,rough,smooth
128,5,rough,smooth
129,5,rough,smooth
130,6,rough,rough
131,6,rough,smooth
132,6,smooth,smooth
133,6,rough,smooth
134,6,smooth,rough
135,6,smooth,smooth
136,6,rough,rough
137,6,smooth,rough
138,6,smooth,smooth
139,6,rough,rough
140,6,rough,smooth
141,6,smooth,rough
142,6,smooth,smooth
143,6,smooth,rough
144,6,smooth,smooth
145,6,smooth,smooth
146,6,rough,rough
147,6,rough,smooth
148,6,rough,rough
149,6,smooth,rough
150,6,smooth,smooth
151,6,rough,rough
152,6,smooth,smooth
153,6,smooth,smooth
154,6,rough,smooth
155,6,smooth,smooth
156,7,rough,rough
157,7,rough,rough
158,7,rough,smooth
159,7,rough,rough
160,7,smooth,smooth
161,7,smooth,smooth
162,7,rough,rough
163,7,rough,rough
164,7,smooth,smooth
165,7,rough,smooth
166,7,smooth,smooth
167,7,rough,rough
168,7,smooth,smooth
169,7,smooth,smooth
170,7,smooth,rough
171,7,rough,rough
172,7,smooth,rough
173,7,smooth,smooth
174,7,smooth,smooth
175,7,rough,smooth
176,7,rough,rough
177,7,rough,rough
178,7,rough,rough
179,7,smooth,smooth
180,7,rough,rough
181,7,rough,rough
182,8,rough,rough
183,8,rough,smooth
184,8,smooth,smooth
185,8,rough,smooth
186,8,smooth,smooth
187,8,rough,rough
188,8,smooth,smooth
189,8,rough,rough
190,8,rough,smooth
191,8,rough,smooth
192,8,smooth,smooth
193,8,rough,smooth
194,8,rough,rough
195,8,rough,smooth
196,8,rough,rough
197,8,smooth,smooth
198,8,rough,rough
199,8,smooth,smooth
200,8,rough,rough
201,8,rough,smooth
202,8,rough,smooth
203,8,smooth,smooth
204,8,rough,smooth
205,8,smooth,smooth
206,8,smooth,smooth
207,8,smooth,smooth
208,9,rough,rough
209,9,smooth,smooth
210,9,rough,smooth
211,9,rough,smooth
212,9,rough,smooth
213,9,smooth,smooth
214,9,rough,rough
215,9,smooth,rough
216,9,smooth,rough
217,9,smooth,smooth
218,9,rough,rough
219,9,smooth,smooth
220,9,rough,rough
221,9,rough,rough
222,9,smooth,smooth
223,9,rough,rough
224,9,smooth,smooth
225,9,smooth,smooth
226,9,rough,rough
227,9,smooth,smooth
228,9,smooth,rough
229,9,smooth,smooth
230,9,smooth,smooth
231,9,smooth,smooth
232,9,smooth,rough
233,9,smooth,rough
234,10,smooth,smooth
235,10,rough,rough
236,10,rough,rough
237,10,rough,rough
238,10,smooth,rough
239,10,rough,rough
240,10,rough,rough
241,10,smooth,smooth
242,10,smooth,smooth
243,10,smooth,rough
244,10,smooth,smooth
245,10,rough,rough
246,10,smooth,smooth
247,10,smooth,rough
248,10,rough,rough
249,10,rough,smooth
250,10,smooth,smooth
251,10,rough,smooth
252,10,smooth,smooth
253,10,rough,smooth
254,10,rough,smooth
255,10,smooth,smooth
256,10,rough,rough
257,10,rough,smooth
258,10,smooth,smooth
259,10,smooth,smooth
260,11,smooth,smooth
261,11,rough,rough
262,11,rough,rough
263,11,smooth,rough
264,11,rough,rough
265,11,rough,rough
266,11,rough,smooth
267,11,rough,rough
268,11,smooth,smooth
269,11,rough,rough
270,11,rough,rough
271,11,rough,smooth
272,11,smooth,rough
273,11,smooth,rough
274,11,rough,rough
275,11,rough,rough
276,11,rough,rough
277,11,rough,rough
278,11,rough,rough
279,11,rough,smooth
280,11,rough,smooth
281,11,rough,smooth
282,11,smooth,rough
283,11,smooth,smooth
284,11,rough,smooth
285,11,smooth,smooth
286,12,smooth,rough
287,12,smooth,smooth
288,12,smooth,rough
289,12,smooth,smooth
290,12,smooth,smooth
291,12,rough,rough
292,12,smooth,smooth
293,12,smooth,rough
294,12,rough,smooth
295,12,rough,rough
296,12,smooth,rough
297,12,smooth,smooth
298,12,smooth,rough
299,12,rough,rough
300,12,rough,rough
301,12,smooth,smooth
302,12,rough,rough
303,12,smooth,rough
304,12,rough,smooth
305,12,smooth,smooth
306,12,rough,smooth
307,12,rough,rough
308,12,rough,smooth
309,12,rough,rough
310,12,smooth,rough
311,12,smooth,smooth
312,13,smooth,rough
313,13,smooth,smooth
314,13,rough,rough
315,13,rough,rough
316,13,rough,smooth
317,13,smooth,smooth
318,13,rough,rough
319,13,smooth,smooth
320,13,smooth,rough
321,13,smooth,smooth
322,13,rough,rough
323,13,rough,rough
324,13,smooth,smooth
325,13,rough,rough
326,13,smooth,smooth
327,13,smooth,rough
328,13,rough,rough
329,13,rough,rough
330,13,smooth,rough
331,13,smooth,smooth
332,13,smooth,rough
333,13,rough,smooth
334,13,rough,smooth
335,13,rough,rough
336,13,smooth,smooth
337,13,rough,rough
338,14,rough,rough
339,14,rough,rough
340,14,rough,smooth
341,14,rough,rough
342,14,smooth,smooth
343,14,rough,rough
344,14,smooth,smooth
345,14,rough,smooth
346,14,smooth,smooth
347,14,rough,rough
348,14,smooth,smooth
349,14,smooth,smooth
350,14,smooth,smooth
351,14,smooth,smooth
352,14,rough,smooth
353,14,smooth,rough
354,14,rough,smooth
355,14,smooth,rough
356,14,rough,smooth
357,14,rough,rough
358,14,smooth,smooth
359,14,smooth,smooth
360,14,smooth,smooth
361,14,smooth,smooth
362,14,rough,rough
363,14,rough,rough
364,15,smooth,smooth
365,15,rough,rough
366,15,rough,rough
367,15,smooth,smooth
368,15,rough,rough
369,15,rough,rough
370,15,smooth,smooth
371,15,rough,smooth
372,15,rough,smooth
373,15,rough,rough
374,15,smooth,rough
375,15,rough,rough
376,15,smooth,smooth
377,15,smooth,smooth
378,15,smooth,smooth
379,15,smooth,smooth
380,15,rough,rough
381,15,rough,rough
382,15,rough,smooth
383,15,smooth,smooth
384,15,rough,smooth
385,15,rough,smooth
386,15,rough,rough
387,15,rough,smooth
388,15,rough,rough
389,15,rough,rough
390,16,rough,smooth
391,16,rough,smooth
392,16,smooth,smooth
393,16,rough,rough
394,16,rough,rough
395,16,smooth,smooth
396,16,rough,rough
397,16,rough,rough
398,16,smooth,rough
399,16,smooth,smooth
400,16,rough,rough
401,16,rough,rough
402,16,rough,rough
403,16,rough,rough
404,16,smooth,rough
405,16,rough,rough
406,16,smooth,rough
407,16,rough,smooth
408,16,rough,rough
409,16,smooth,rough
410,16,rough,smooth
411,16,smooth,smooth
412,16,rough,rough
413,16,smooth,smooth
414,16,rough,rough
415,16,rough,rough
416,17,smooth,smooth
417,17,rough,rough
418,17,smooth,smooth
419,17,rough,rough
420,17,rough,rough
421,17,smooth,smooth
422,17,smooth,smooth
423,17,rough,smooth
424,17,smooth,rough
425,17,rough,smooth
426,17,smooth,smooth
427,17,rough,rough
428,17,smooth,rough
429,17,smooth,rough
430,17,smooth,smooth
431,17,rough,smooth
432,17,rough,smooth
433,17,smooth,smooth
434,17,smooth,smooth
435,17,rough,rough
436,17,rough,rough
437,17,rough,rough
438,17,smooth,smooth
439,17,smooth,rough
440,17,rough,smooth
441,17,smooth,smooth
442,18,rough,smooth
443,18,rough,rough
444,18,rough,rough
445,18,rough,smooth
446,18,smooth,smooth
447,18,rough,rough
448,18,rough,smooth
449,18,rough,smooth
450,18,rough,rough
451,18,smooth,rough
452,18,smooth,smooth
453,18,smooth,rough
454,18,smooth,smooth
455,18,rough,smooth
456,18,rough,rough
457,18,smooth,rough
458,18,rough,rough
459,18,rough,rough
460,18,rough,rough
461,18,smooth,smooth
462,18,smooth,smooth
463,18,rough,rough
464,18,smooth,smooth
465,18,smooth,rough
466,18,smooth,rough
467,18,rough,rough
468,19,smooth,rough
469,19,smooth,rough
470,19,rough,rough
471,19,smooth,rough
472,19,smooth,smooth
473,19,smooth,rough
474,19,rough,rough
475,19,smooth,rough
476,19,rough,rough
477,19,smooth,rough
478,19,smooth,smooth
479,19,smooth,smooth
480,19,rough,rough
481,19,smooth,smooth
482,19,smooth,smooth
483,19,smooth,rough
484,19,smooth,rough
485,19,rough,rough
486,19,smooth,rough
487,19,rough,rough
488,19,smooth,smooth
489,19,rough,rough
490,19,smooth,rough
491,19,smooth,smooth
492,19,rough,rough
493,19,smooth,smooth
494,20,rough,rough
495,20,smooth,rough
496,20,smooth,rough
497,20,rough,rough
498,20,rough,rough
499,20,smooth,smooth
500,20,rough,rough
501,20,smooth,smooth
502,20,smooth,rough
503,20,smooth,rough
504,20,smooth,smooth
505,20,rough,rough
506,20,rough,rough
507,20,rough,smooth
508,20,rough,rough
509,20,rough,rough
510,20,smooth,smooth
511,20,smooth,smooth
512,20,smooth,smooth
513,20,smooth,smooth
514,20,rough,smooth
515,20,rough,rough
516,20,smooth,smooth
517,20,rough,rough
518,20,smooth,rough
519,20,smooth,rough
520,21,rough,smooth
521,21,smooth,smooth
522,21,smooth,smooth
523,21,rough,smooth
524,21,smooth,rough
525,21,rough,rough
526,21,smooth,smooth
527,21,smooth,smooth
528,21,smooth,smooth
529,21,smooth,smooth
530,21,rough,rough
531,21,smooth,smooth
532,21,smooth,rough
533,21,rough,rough
534,21,rough,rough
535,21,smooth,smooth
536,21,smooth,smooth
537,21,rough,rough
538,21,rough,rough
539,21,rough,rough
540,21,rough,smooth
541,21,smooth,smooth
542,21,smooth,smooth
543,21,rough,smooth
544,21,smooth,smooth
545,21,smooth,smooth
546,22,smooth,rough
547,22,rough,smooth
548,22,rough,rough
549,22,rough,smooth
550,22,rough,rough
551,22,rough,rough
552,22,smooth,smooth
553,22,smooth,smooth
554,22,rough,rough
555,22,rough,rough
556,22,smooth,smooth
557,22,smooth,smooth
558,22,rough,rough
559,22,rough,smooth
560,22,smooth,smooth
561,22,smooth,rough
562,22,smooth,smooth
563,22,smooth,smooth
564,22,smooth,rough
565,22,rough,rough
566,22,rough,rough
567,22,smooth,smooth
568,22,rough,rough
569,22,smooth,rough
570,22,smooth,smooth
571,22,smooth,smooth
572,23,smooth,smooth
573,23,rough,rough
574,23,smooth,smooth
575,23,smooth,smooth
576,23,rough,rough
577,23,rough,smooth
578,23,rough,smooth
579,23,smooth,rough
580,23,rough,rough
581,23,rough,rough
582,23,smooth,smooth
583,23,smooth,smooth
584,23,smooth,smooth
585,23,rough,smooth
586,23,rough,rough
587,23,rough,rough
588,23,rough,smooth
589,23,rough,smooth
590,23,smooth,smooth
591,23,rough,smooth
592,23,rough,rough
593,23,rough,smooth
594,23,rough,rough
595,23,smooth,smooth
596,23,smooth,smooth
597,23,rough,rough
598,24,rough,rough
599,24,rough,rough
600,24,rough,rough
601,24,rough,smooth
602,24,rough,rough
603,24,rough,rough
604,24,rough,rough
605,24,rough,rough
606,24,rough,rough
607,24,rough,smooth
608,24,rough,rough
609,24,smooth,rough
610,24,rough,smooth
611,24,rough,smooth
612,24,smooth,rough
613,24,smooth,smooth
614,24,rough,rough
615,24,rough,smooth
616,24,rough,rough
617,24,rough,rough
618,24,smooth,smooth
619,24,smooth,smooth
620,24,smooth,smooth
621,24,smooth,smooth
622,24,rough,rough
623,24,rough,rough
624,25,rough,rough
625,25,smooth,rough
626,25,smooth,smooth
627,25,smooth,rough
628,25,smooth,smooth
629,25,smooth,rough
630,25,smooth,smooth
631,25,rough,smooth
632,25,rough,smooth
633,25,smooth,smooth
634,25,smooth,smooth
635,25,smooth,smooth
636,25,smooth,rough
637,25,smooth,rough
638,25,rough,rough
639,25,rough,smooth
640,25,rough,rough
641,25,smooth,smooth
642,25,smooth,rough
643,25,rough,rough
644,25,smooth,rough
645,25,smooth,rough
646,25,smooth,smooth
647,25,smooth,smooth
648,25,rough,rough
649,25,smooth,rough
650,26,smooth,smooth
651,26,smooth,smooth
652,26,smooth,smooth
653,26,rough,smooth
654,26,rough,rough
655,26,rough,smooth
656,26,rough,smooth
657,26,rough,rough
658,26,rough,rough
659,26,smooth,smooth
660,26,rough,rough
661,26,rough,rough
662,26,smooth,smooth
663,26,rough,rough
664,26,rough,smooth
665,26,smooth,smooth
666,26,smooth,smooth
667,26,smooth,smooth
668,26,rough,smooth
669,26,smooth,smooth
670,26,smooth,rough
671,26,smooth,rough
672,26,rough,rough
673,26,rough,smooth
674,26,smooth,smooth
675,26,smooth,smooth
676,27,rough,rough
677,27,smooth,smooth
678,27,rough,rough
679,27,rough,smooth
680,27,rough,rough
681,27,smooth,smooth
682,27,smooth,rough
683,27,smooth,smooth
684,27,smooth,smooth
685,27,smooth,smooth
686,27,rough,rough
687,27,rough,rough
688,27,rough,rough
689,27,rough,smooth
690,27,smooth,smooth
691,27,rough,smooth
692,27,rough,rough
693,27,smooth,rough
694,27,smooth,rough
695,27,smooth,rough
696,27,smooth,smooth
697,27,smooth,smooth
698,27,rough,rough
699,27,rough,rough
700,27,rough,smooth
701,27,rough,rough
702,28,rough,rough
703,28,smooth,smooth
704,28,smooth,smooth
705,28,smooth,rough
706,28,rough,rough
707,28,rough,rough
708,28,rough,rough
709,28,rough,rough
710,28,smooth,smooth
711,28,rough,rough
712,28,rough,rough
713,28,smooth,smooth
714,28,smooth,smooth
715,28,smooth,smooth
716,28,rough,smooth
717,28,rough,rough
718,28,rough,rough
719,28,smooth,smooth
720,28,rough,rough
721,28,rough,rough
722,28,rough,rough
723,28,rough,smooth
724,28,rough,rough
725,28,rough,rough
726,28,smooth,smooth
727,28,smooth,smooth
728,29,rough,smooth
729,29,rough,smooth
730,29,smooth,rough
731,29,rough,rough
732,29,rough,smooth
733,29,rough,rough
734,29,rough,rough
735,29,smooth,smooth
736,29,smooth,smooth
737,29,rough,smooth
738,29,smooth,smooth
739,29,rough,smooth
740,29,rough,rough
741,29,smooth,smooth
742,29,rough,rough
743,29,smooth,smooth
744,29,smooth,rough
745,29,rough,rough
746,29,smooth,smooth
747,29,rough,smooth
748,29,smooth,smooth
749,29,rough,smooth
750,29,smooth,smooth
751,29,smooth,rough
752,29,rough,rough
753,29,smooth,smooth
754,30,smooth,rough
755,30,smooth,smooth
756,30,rough,smooth
757,30,rough,rough
758,30,smooth,smooth
759,30,smooth,rough
760,30,rough,smooth
761,30,smooth,smooth
762,30,rough,smooth
763,30,smooth,rough
764,30,rough,rough
765,30,rough,rough
766,30,rough,rough
767,30,rough,rough
768,30,rough,smooth
769,30,rough,rough
770,30,smooth,smooth
771,30,rough,smooth
772,30,smooth,smooth
773,30,rough,smooth
774,30,rough,rough
775,30,rough,rough
776,30,rough,rough
777,30,smooth,smooth
778,30,smooth,smooth
779,30,smooth,smooth
780,31,smooth,smooth
781,31,smooth,rough
782,31,smooth,smooth
783,31,rough,rough
784,31,rough,smooth
785,31,smooth,smooth
786,31,rough,smooth
787,31,rough,rough
788,31,smooth,rough
789,31,smooth,smooth
790,31,rough,rough
791,31,smooth,rough
792,31,rough,rough
793,31,rough,rough
794,31,smooth,rough
795,31,smooth,smooth
796,31,rough,rough
797,31,smooth,smooth
798,31,rough,rough
799,31,rough,rough
800,31,rough,smooth
801,31,rough,smooth
802,31,smooth,rough
803,31,rough,rough
804,31,smooth,rough
805,31,rough,rough
806,32,smooth,smooth
807,32,rough,rough
808,32,rough,rough
809,32,smooth,smooth
810,32,rough,smooth
811,32,smooth,smooth
812,32,rough,rough
813,32,rough,rough
814,32,smooth,rough
815,32,rough,smooth
816,32,smooth,rough
817,32,rough,rough
818,32,rough,rough
819,32,rough,rough
820,32,smooth,smooth
821,32,rough,rough
822,32,smooth,smooth
823,32,smooth,rough
824,32,rough,rough
825,32,smooth,smooth
826,32,smooth,smooth
827,32,smooth,rough
828,32,smooth,rough
829,32,rough,rough
830,32,rough,rough
831,32,smooth,smooth
832,33,rough,smooth
833,33,smooth,smooth
834,33,rough,rough
835,33,smooth,smooth
836,33,rough,rough
837,33,smooth,rough
838,33,rough,rough
839,33,smooth,smooth
840,33,rough,smooth
841,33,rough,smooth
842,33,smooth,rough
843,33,smooth,rough
844,33,rough,smooth
845,33,rough,rough
846,33,smooth,rough
847,33,smooth,smooth
848,33,rough,rough
849,33,rough,smooth
850,33,smooth,smooth
851,33,rough,rough
852,33,rough,rough
853,33,smooth,smooth
854,33,smooth,smooth
855,33,rough,rough
856,33,smooth,smooth
857,33,rough,smooth
858,34,smooth,rough
859,34,rough,rough
860,34,smooth,smooth
861,34,rough,smooth
862,34,rough,rough
863,34,rough,smooth
864,34,rough,rough
865,34,smooth,smooth
866,34,smooth,smooth
867,34,rough,rough
868,34,rough,rough
869,34,rough,rough
870,34,rough,rough
871,34,rough,smooth
872,34,rough,rough
873,34,smooth,smooth
874,34,smooth,smooth
875,34,smooth,rough
876,34,smooth,smooth
877,34,rough,rough
878,34,smooth,rough
879,34,smooth,smooth
880,34,rough,smooth
881,34,rough,smooth
882,34,rough,rough
883,34,rough,smooth
884,35,smooth,smooth
885,35,smooth,smooth
886,35,smooth,rough
887,35,rough,smooth
888,35,rough,rough
889,35,smooth,smooth
890,35,rough,rough
891,35,smooth,smooth
892,35,smooth,smooth
893,35,rough,rough
894,35,smooth,smooth
895,35,rough,smooth
896,35,rough,smooth
897,35,smooth,smooth
898,35,rough,rough
899,35,smooth,rough
900,35,rough,rough
901,35,rough,rough
902,35,smooth,smooth
903,35,smooth,smooth
904,35,rough,rough
905,35,rough,rough
906,35,smooth,smooth
907,35,smooth,smooth
908,35,rough,smooth
909,35,rough,smooth
910,36,rough,smooth
911,36,rough,rough
912,36,smooth,smooth
913,36,smooth,rough
914,36,rough,rough
915,36,smooth,smooth
916,36,rough,rough
917,36,smooth,smooth
918,36,rough,smooth
919,36,rough,rough
920,36,smooth,smooth
921,36,rough,smooth
922,36,rough,rough
923,36,rough,smooth
924,36,rough,rough
925,36,rough,smooth
926,36,rough,rough
927,36,smooth,smooth
928,36,smooth,rough
929,36,smooth,smooth
930,36,rough,rough
931,36,smooth,rough
932,36,smooth,smooth
933,36,smooth,smooth
934,36,smooth,rough
935,36,smooth,smooth
936,37,smooth,smooth
937,37,rough,rough
938,37,rough,rough
939,37,rough,rough
940,37,smooth,smooth
941,37,rough,smooth
942,37,smooth,smooth
943,37,rough,smooth
944,37,smooth,rough
945,37,rough,rough
946,37,rough,rough
947,37,smooth,rough
948,37,rough,smooth
949,37,smooth,rough
950,37,smooth,rough
951,37,smooth,rough
952,37,smooth,rough
953,37,smooth,rough
954,37,smooth,smooth
955,37,smooth,rough
956,37,smooth,rough
957,37,smooth,smooth
958,37,smooth,smooth
959,37,smooth,rough
960,37,smooth,rough
961,37,smooth,smooth
962,38,rough,smooth
963,38,rough,rough
964,38,smooth,smooth
965,38,rough,smooth
966,38,smooth,smooth
967,38,rough,rough
968,38,rough,rough
969,38,rough,smooth
970,38,smooth,smooth
971,38,rough,smooth
972,38,rough,smooth
973,38,rough,smooth
974,38,rough,smooth
975,38,rough,rough
976,38,rough,rough
977,38,rough,rough
978,38,smooth,smooth
979,38,smooth,rough
980,38,rough,rough
981,38,smooth,smooth
982,38,rough,rough
983,38,rough,rough
984,38,rough,rough
985,38,smooth,smooth
986,38,smooth,smooth
987,38,rough,smooth
988,39,smooth,smooth
989,39,rough,rough
990,39,smooth,smooth
991,39,smooth,smooth
992,39,rough,rough
993,39,rough,rough
994,39,smooth,smooth
995,39,rough,rough
996,39,rough,rough
997,39,rough,rough
998,39,rough,rough
999,39,smooth,rough
1000,39,rough,smooth
1001,39,rough,rough
1002,39,smooth,smooth
1003,39,smooth,smooth
1004,39,rough,smooth
1005,39,rough,smooth
1006,39,smooth,smooth
1007,39,rough,rough
1008,39,smooth,rough
1009,39,smooth,smooth
1010,39,rough,rough
1011,39,smooth,rough
1012,39,rough,rough
1013,39,rough,smooth
1014,40,rough,rough
1015,40,rough,smooth
1016,40,smooth,smooth
1017,40,rough,rough
1018,40,rough,rough
1019,40,rough,rough
1020,40,rough,rough
1021,40,rough,smooth
1022,40,rough,rough
1023,40,rough,rough
1024,40,smooth,smooth
1025,40,rough,rough
1026,40,smooth,smooth
1027,40,smooth,smooth
1028,40,rough,smooth
1029,40,rough,smooth
1030,40,rough,rough
1031,40,smooth,rough
1032,40,smooth,smooth
1033,40,smooth,smooth
1034,40,rough,smooth
1035,40,rough,smooth
1036,40,rough,rough
1037,40,smooth,rough
1038,40,rough,rough
1039,40,rough,smooth
1040,41,smooth,smooth
1041,41,rough,rough
1042,41,smooth,rough
1043,41,rough,rough
1044,41,smooth,rough
1045,41,rough,rough
1046,41,smooth,smooth
1047,41,rough,rough
1048,41,rough,smooth
1049,41,rough,smooth
1050,41,smooth,smooth
1051,41,rough,smooth
1052,41,smooth,smooth
1053,41,smooth,smooth
1054,41,rough,rough
1055,41,rough,smooth
1056,41,rough,rough
1057,41,smooth,rough
1058,41,rough,rough
1059,41,smooth,rough
1060,41,smooth,smooth
1061,41,smooth,rough
1062,41,rough,smooth
1063,41,smooth,rough
1064,41,smooth,rough
1065,41,rough,rough
1066,42,rough,rough
1067,42,rough,rough
1068,42,rough,rough
1069,42,smooth,rough
1070,42,rough,rough
1071,42,smooth,rough
1072,42,smooth,smooth
1073,42,rough,smooth
1074,42,smooth,smooth
1075,42,smooth,smooth
1076,42,smooth,smooth
1077,42,smooth,smooth
1078,42,smooth,rough
1079,42,rough,smooth
1080,42,smooth,rough
1081,42,rough,smooth
1082,42,smooth,rough
1083,42,smooth,rough
1084,42,rough,rough
1085,42,smooth,rough
1086,42,rough,rough
1087,42,smooth,rough
1088,42,smooth,smooth
1089,42,smooth,rough
1090,42,rough,rough
1091,42,rough,rough
1092,43,rough,smooth
1093,43,smooth,smooth
1094,43,rough,rough
1095,43,rough,rough
1096,43,rough,rough
1097,43,smooth,rough
1098,43,smooth,smooth
1099,43,smooth,smooth
1100,43,smooth,smooth
1101,43,smooth,rough
1102,43,rough,smooth
1103,43,smooth,smooth
1104,43,rough,rough
1105,43,smooth,smooth
1106,43,rough,smooth
1107,43,smooth,smooth
1108,43,smooth,smooth
1109,43,smooth,rough
1110,43,smooth,smooth
1111,43,rough,smooth
1112,43,smooth,rough
1113,43,smooth,rough
1114,43,smooth,smooth
1115,43,rough,rough
1116,43,rough,smooth
1117,43,rough,rough
1118,44,smooth,rough
1119,44,rough,smooth
1120,44,rough,smooth
1121,44,smooth,rough
1122,44,smooth,rough
1123,44,smooth,smooth
1124,44,rough,smooth
1125,44,rough,rough
1126,44,rough,rough
1127,44,rough,rough
1128,44,rough,smooth
1129,44,rough,rough
1130,44,smooth,smooth
1131,44,smooth,smooth
1132,44,smooth,smooth
1133,44,rough,rough
1134,44,rough,rough
1135,44,rough,smooth
1136,44,rough,smooth
1137,44,rough,rough
1138,44,rough,rough
1139,44,rough,rough
1140,44,rough,rough
1141,44,rough,smooth
1142,44,smooth,smooth
1143,44,smooth,smooth
1144,45,smooth,smooth
1145,45,rough,rough
1146,45,smooth,smooth
1147,45,rough,rough
1148,45,smooth,smooth
1149,45,smooth,smooth
1150,45,rough,rough
1151,45,smooth,smooth
1152,45,rough,smooth
1153,45,smooth,smooth
1154,45,smooth,rough
1155,45,smooth,rough
1156,45,rough,smooth
1157,45,rough,smooth
1158,45,rough,smooth
1159,45,smooth,rough
1160,45,rough,rough
1161,45,rough,rough
1162,45,rough,rough
1163,45,smooth,rough
1164,45,rough,rough
1165,45,smooth,rough
1166,45,rough,rough
1167,45,rough,smooth
1168,45,smooth,smooth
1169,45,smooth,rough
1170,46,rough,smooth
1171,46,smooth,rough
1172,46,rough,rough
1173,46,rough,smooth
1174,46,smooth,smooth
1175,46,rough,smooth
1176,46,rough,smooth
1177,46,rough,smooth
1178,46,rough,rough
1179,46,smooth,smooth
1180,46,rough,rough
1181,46,rough,smooth
1182,46,rough,rough
1183,46,rough,rough
1184,46,smooth,smooth
1185,46,smooth,smooth
1186,46,smooth,smooth
1187,46,rough,smooth
1188,46,smooth,smooth
1189,46,rough,rough
1190,46,smooth,smooth
1191,46,rough,smooth
1192,46,smooth,rough
1193,46,rough,rough
1194,46,smooth,rough
1195,46,rough,smooth
1196,47,rough,rough
1197,47,smooth,smooth
1198,47,rough,rough
1199,47,smooth,rough
1200,47,rough,smooth
1201,47,smooth,smooth
1202,47,rough,rough
1203,47,smooth,smooth
1204,47,smooth,rough
1205,47,rough,rough
1206,47,smooth,smooth
1207,47,rough,rough
1208,47,smooth,smooth
1209,47,rough,rough
1210,47,smooth,smooth
1211,47,smooth,smooth
1212,47,rough,smooth
1213,47,rough,rough
1214,47,rough,rough
1215,47,rough,smooth
1216,47,smooth,rough
1217,47,smooth,smooth
1218,47,smooth,rough
1219,47,rough,smooth
1220,47,smooth,rough
1221,47,smooth,smooth
1222,48,smooth,rough
1223,48,rough,rough
1224,48,rough,rough
1225,48,rough,smooth
1226,48,rough,rough
1227,48,rough,rough
1228,48,smooth,rough
1229,48,smooth,smooth
1230,48,smooth,rough
1231,48,smooth,smooth
1232,48,smooth,smooth
1233,48,rough,rough
1234,48,rough,smooth
1235,48,smooth,smooth
1236,48,rough,smooth
1237,48,smooth,smooth
1238,48,rough,rough
1239,48,smooth,smooth
1240,48,rough,rough
1241,48,rough,smooth
1242,48,smooth,rough
1243,48,rough,rough
1244,48,rough,smooth
1245,48,smooth,smooth
1246,48,smooth,smooth
1247,48,rough,rough
1248,49,rough,rough
1249,49,smooth,smooth
1250,49,smooth,rough
1251,49,smooth,smooth
1252,49,rough,rough
1253,49,rough,rough
1254,49,smooth,smooth
1255,49,rough,rough
1256,49,smooth,smooth
1257,49,smooth,rough
1258,49,rough,smooth
1259,49,smooth,smooth
1260,49,rough,rough
1261,49,smooth,rough
1262,49,rough,rough
1263,49,rough,rough
1264,49,smooth,smooth
1265,49,smooth,smooth
1266,49,rough,smooth
1267,49,smooth,smooth
1268,49,smooth,smooth
1269,49,rough,rough
1270,49,smooth,rough
1271,49,rough,rough
1272,49,rough,rough
1273,49,smooth,smooth
1274,50,rough,rough
1275,50,smooth,smooth
1276,50,rough,rough
1277,50,rough,smooth
1278,50,smooth,rough
1279,50,rough,smooth
1280,50,smooth,smooth
1281,50,rough,smooth
1282,50,smooth,smooth
1283,50,smooth,rough
1284,50,smooth,rough
1285,50,rough,rough
1286,50,rough,rough
1287,50,smooth,smooth
1288,50,smooth,rough
1289,50,rough,smooth
1290,50,rough,rough
1291,50,rough,smooth
1292,50,rough,smooth
1293,50,rough,rough
1294,50,rough,rough
1295,50,smooth,smooth
1296,50,rough,rough
1297,50,smooth,smooth
1298,50,smooth,rough
1299,50,smooth,rough
1300,51,rough,rough
1301,51,smooth,rough
1302,51,rough,rough
1303,51,rough,smooth
1304,51,smooth,smooth
1305,51,smooth,smooth
1306,51,rough,smooth
1307,51,rough,rough
1308,51,smooth,rough
1309,51,rough,rough
1310,51,rough,rough
1311,51,smooth,rough
1312,51,rough,smooth
1313,51,smooth,rough
1314,51,smooth,smooth
1315,51,rough,rough
1316,51,smooth,smooth
1317,51,smooth,smooth
1318,51,smooth,rough
1319,51,rough,rough
1320,51,smooth,smooth
1321,51,smooth,smooth
1322,51,rough,rough
1323,51,smooth,rough
1324,51,rough,smooth
1325,51,smooth,rough
1326,52,rough,smooth
1327,52,rough,rough
1328,52,rough,rough
1329,52,smooth,smooth
1330,52,rough,rough
1331,52,smooth,rough
1332,52,rough,smooth
1333,52,rough,rough
1334,52,rough,rough
1335,52,smooth,rough
1336,52,rough,rough
1337,52,rough,smooth
1338,52,smooth,smooth
1339,52,rough,smooth
1340,52,smooth,smooth
1341,52,rough,rough
1342,52,smooth,smooth
1343,52,smooth,smooth
1344,52,smooth,smooth
1345,52,rough,rough
1346,52,rough,smooth
1347,52,rough,rough
1348,52,rough,rough
1349,52,rough,rough
1350,52,smooth,rough
1351,52,smooth,smooth
1352,53,rough,rough
1353,53,rough,rough
1354,53,rough,rough
1355,53,smooth,smooth
1356,53,smooth,smooth
1357,53,rough,smooth
1358,53,rough,rough
1359,53,rough,rough
1360,53,rough,smooth
1361,53,rough,rough
1362,53,smooth,smooth
1363,53,rough,smooth
1364,53,smooth,smooth
1365,53,rough,smooth
1366,53,rough,rough
1367,53,rough,rough
1368,53,rough,smooth
1369,53,rough,rough
1370,53,rough,smooth
1371,53,smooth,smooth
1372,53,rough,rough
1373,53,smooth,rough
1374,53,rough,rough
1375,53,rough,rough
1376,53,smooth,rough
1377,53,rough,rough
1378,54,rough,smooth
1379,54,smooth,smooth
1380,54,smooth,smooth
1381,54,rough,rough
1382,54,smooth,rough
1383,54,smooth,rough
1384,54,smooth,smooth
1385,54,smooth,smooth
1386,54,smooth,smooth
1387,54,rough,rough
1388,54,smooth,rough
1389,54,rough,rough
1390,54,rough,smooth
1391,54,rough,rough
1392,54,rough,smooth
1393,54,smooth,rough
1394,54,rough,rough
1395,54,rough,rough
1396,54,rough,rough
1397,54,rough,smooth
1398,54,smooth,smooth
1399,54,smooth,smooth
1400,54,rough,smooth
1401,54,smooth,rough
1402,54,smooth,smooth
1403,54,rough,smooth
1404,55,rough,rough
1405,55,rough,rough
1406,55,rough,smooth
1407,55,rough,smooth
1408,55,smooth,smooth
1409,55,smooth,smooth
1410,55,rough,rough
1411,55,rough,rough
1412,55,rough,rough
1413,55,smooth,rough
1414,55,smooth,rough
1415,55,rough,rough
1416,55,rough,smooth
1417,55,smooth,smooth
1418,55,rough,rough
1419,55,rough,smooth
1420,55,smooth,rough
1421,55,smooth,smooth
1422,55,smooth,smooth
1423,55,smooth,smooth
1424,55,rough,smooth
1425,55,rough,rough
1426,55,smooth,rough
1427,55,smooth,smooth
1428,55,rough,rough
1429,55,rough,smooth
1430,56,smooth,smooth
1431,56,rough,rough
1432,56,smooth,rough
1433,56,smooth,smooth
1434,56,rough,rough
1435,56,smooth,smooth
1436,56,smooth,rough
1437,56,rough,smooth
1438,56,smooth,smooth
1439,56,smooth,smooth
1440,56,smooth,smooth
1441,56,rough,rough
1442,56,rough,smooth
1443,56,rough,rough
1444,56,smooth,smooth
1445,56,smooth,rough
1446,56,rough,rough
1447,56,rough,smooth
1448,56,rough,rough
1449,56,rough,rough
1450,56,smooth,smooth
1451,56,smooth,smooth
1452,56,smooth,smooth
1453,56,smooth,rough
1454,56,rough,rough
1455,56,smooth,smooth
1456,57,smooth,smooth
1457,57,smooth,smooth
1458,57,rough,rough
1459,57,rough,rough
1460,57,rough,rough
1461,57,smooth,smooth
1462,57,smooth,smooth
1463,57,rough,smooth
1464,57,smooth,smooth
1465,57,rough,smooth
1466,57,rough,smooth
1467,57,smooth,smooth
1468,57,smooth,rough
1469,57,rough,smooth
1470,57,rough,rough
1471,57,rough,smooth
1472,57,rough,smooth
1473,57,rough,rough
1474,57,smooth,smooth
1475,57,smooth,smooth
1476,57,rough,rough
1477,57,rough,rough
1478,57,smooth,smooth
1479,57,rough,smooth
1480,57,rough,rough
1481,57,rough,rough
1482,58,rough,rough
1483,58,smooth,rough
1484,58,rough,rough
1485,58,rough,smooth
1486,58,smooth,smooth
1487,58,smooth,smooth
1488,58,smooth,rough
1489,58,rough,rough
1490,58,rough,rough
1491,58,rough,rough
1492,58,rough,rough
1493,58,rough,rough
1494,58,rough,rough
1495,58,rough,smooth
1496,58,smooth,smooth
1497,58,rough,smooth
1498,58,rough,rough
1499,58,smooth,smooth
1500,58,rough,smooth
1501,58,rough,smooth
1502,58,rough,rough
1503,58,smooth,smooth
1504,58,rough,smooth
1505,58,rough,rough
1506,58,smooth,rough
1507,58,rough,rough
1508,59,smooth,smooth
1509,59,rough,smooth
1510,59,smooth,smooth
1511,59,smooth,rough
1512,59,rough,smooth
1513,59,smooth,rough
1514,59,smooth,smooth
1515,59,rough,smooth
1516,59,rough,smooth
1517,59,smooth,smooth
1518,59,smooth,rough
1519,59,rough,rough
1520,59,rough,rough
1521,59,smooth,smooth
1522,59,rough,smooth
1523,59,smooth,rough
1524,59,smooth,smooth
1525,59,rough,rough
1526,59,smooth,smooth
1527,59,smooth,smooth
1528,59,rough,rough
1529,59,rough,rough
1530,59,rough,rough
1531,59,rough,rough
1532,59,rough,rough
1533,59,rough,rough
1534,60,rough,smooth
1535,60,smooth,smooth
1536,60,rough,rough
1537,60,smooth,smooth
1538,60,rough,rough
1539,60,smooth,rough
1540,60,rough,rough
1541,60,rough,rough
1542,60,rough,rough
1543,60,smooth,smooth
1544,60,smooth,smooth
1545,60,rough,rough
1546,60,smooth,smooth
1547,60,rough,rough
1548,60,rough,smooth
1549,60,rough,smooth
1550,60,smooth,rough
1551,60,rough,smooth
1552,60,smooth,smooth
1553,60,rough,rough
1554,60,rough,rough
1555,60,smooth,smooth
1556,60,rough,rough
1557,60,smooth,rough
1558,60,smooth,smooth
1559,60,rough,smooth
1560,61,rough,rough
1561,61,smooth,rough
1562,61,rough,smooth
1563,61,rough,rough
1564,61,smooth,smooth
1565,61,smooth,smooth
1566,61,smooth,smooth
1567,61,smooth,smooth
1568,61,rough,rough
1569,61,rough,smooth
1570,61,rough,rough
1571,61,rough,smooth
1572,61,rough,rough
1573,61,smooth,smooth
1574,61,smooth,smooth
1575,61,rough,rough
1576,61,rough,smooth
1577,61,smooth,smooth
1578,61,rough,rough
1579,61,smooth,smooth
1580,61,smooth,rough
1581,61,rough,smooth
1582,61,rough,smooth
1583,61,rough,rough
1584,61,smooth,smooth
1585,61,smooth,smooth
1586,62,rough,rough
1587,62,smooth,rough
1588,62,smooth,rough
1589,62,rough,rough
1590,62,smooth,rough
1591,62,rough,rough
1592,62,rough,rough
1593,62,rough,smooth
1594,62,smooth,rough
1595,62,rough,rough
1596,62,smooth,smooth
1597,62,rough,smooth
1598,62,rough,rough
1599,62,smooth,smooth
1600,62,rough,smooth
1601,62,rough,rough
1602,62,rough,rough
1603,62,rough,rough
1604,62,smooth,smooth
1605,62,smooth,smooth
1606,62,smooth,rough
1607,62,smooth,rough
1608,62,rough,smooth
1609,62,rough,rough
1610,62,rough,rough
1611,62,smooth,smooth
1612,63,rough,rough
1613,63,rough,rough
1614,63,smooth,smooth
1615,63,smooth,smooth
1616,63,smooth,smooth
1617,63,rough,rough
1618,63,smooth,rough
1619,63,rough,rough
1620,63,smooth,rough
1621,63,smooth,smooth
1622,63,rough,rough
1623,63,smooth,rough
1624,63,rough,rough
1625,63,smooth,smooth
1626,63,smooth,smooth
1627,63,rough,rough
1628,63,smooth,rough
1629,63,rough,smooth
1630,63,smooth,rough
1631,63,rough,rough
1632,63,smooth,rough
1633,63,rough,smooth
1634,63,smooth,smooth
1635,63,smooth,smooth
1636,63,rough,smooth
1637,63,rough,rough
1638,64,smooth,smooth
1639,64,smooth,rough
1640,64,rough,rough
1641,64,smooth,rough
1642,64,smooth,smooth
1643,64,smooth,smooth
1644,64,smooth,rough
1645,64,smooth,smooth
1646,64,smooth,rough
1647,64,smooth,rough
1648,64,rough,smooth
1649,64,smooth,smooth
1650,64,smooth,smooth
1651,64,rough,smooth
1652,64,rough,rough
1653,64,rough,rough
1654,64,smooth,smooth
1655,64,smooth,smooth
1656,64,smooth,smooth
1657,64,smooth,smooth
1658,64,rough,smooth
1659,64,rough,rough
1660,64,smooth,smooth
1661,64,rough,smooth
1662,64,rough,smooth
1663,64,rough,rough
1664,65,rough,smooth
1665,65,smooth,smooth
1666,65,rough,rough
1667,65,rough,rough
1668,65,rough,rough
1669,65,smooth,smooth
1670,65,rough,rough
1671,65,rough,rough
1672,65,smooth,smooth
1673,65,rough,rough
1674,65,rough,smooth
1675,65,smooth,rough
1676,65,rough,rough
1677,65,smooth,smooth
1678,65,smooth,smooth
1679,65,smooth,smooth
1680,65,rough,smooth
1681,65,rough,rough
1682,65,smooth,smooth
1683,65,smooth,smooth
1684,65,rough,smooth
1685,65,smooth,smooth
1686,65,smooth,smooth
1687,65,smooth,smooth
1688,65,rough,rough
1689,65,smooth,rough
1690,66,rough,smooth
1691,66,smooth,smooth
1692,66,rough,rough
1693,66,smooth,smooth
1694,66,rough,rough
1695,66,smooth,smooth
1696,66,rough,rough
1697,66,rough,smooth
1698,66,rough,rough
1699,66,rough,smooth
1700,66,smooth,rough
1701,66,smooth,smooth
1702,66,smooth,smooth
1703,66,rough,smooth
1704,66,smooth,rough
1705,66,rough,rough
1706,66,rough,rough
1707,66,smooth,smooth
1708,66,rough,rough
1709,66,rough,rough
1710,66,smooth,rough
1711,66,smooth,smooth
1712,66,rough,rough
1713,66,rough,rough
1714,66,smooth,smooth
1715,66,rough,rough
1716,67,rough,smooth
1717,67,rough,rough
1718,67,smooth,rough
1719,67,rough,smooth
1720,67,smooth,smooth
1721,67,rough,rough
1722,67,rough,rough
1723,67,smooth,smooth
1724,67,rough,smooth
1725,67,rough,smooth
1726,67,rough,rough
1727,67,rough,smooth
1728,67,smooth,smooth
1729,67,rough,rough
1730,67,rough,smooth
1731,67,smooth,smooth
1732,67,smooth,smooth
1733,67,rough,smooth
1734,67,rough,rough
1735,67,smooth,smooth
1736,67,smooth,rough
1737,67,smooth,smooth
1738,67,rough,rough
1739,67,smooth,rough
1740,67,rough,rough
1741,67,rough,rough
1742,68,rough,rough
1743,68,rough,smooth
1744,68,smooth,smooth
1745,68,rough,rough
1746,68,rough,rough
1747,68,smooth,rough
1748,68,rough,rough
1749,68,smooth,smooth
1750,68,rough,rough
1751,68,rough,rough
1752,68,rough,smooth
1753,68,rough,rough
1754,68,rough,rough
1755,68,rough,rough
1756,68,rough,rough
1757,68,smooth,smooth
1758,68,rough,rough
1759,68,smooth,smooth
1760,68,smooth,smooth
1761,68,rough,smooth
1762,68,rough,rough
1763,68,rough,rough
1764,68,rough,rough
1765,68,rough,smooth
1766,68,smooth,smooth
1767,68,rough,smooth
1768,69,smooth,smooth
1769,69,smooth,smooth
1770,69,smooth,rough
1771,69,smooth,rough
1772,69,smooth,rough
1773,69,rough,rough
1774,69,rough,rough
1775,69,smooth,rough
1776,69,smooth,smooth
1777,69,smooth,rough
1778,69,rough,rough
1779,69,smooth,rough
1780,69,smooth,rough
1781,69,smooth,rough
1782,69,smooth,rough
1783,69,smooth,rough
1784,69,rough,rough
1785,69,rough,rough
1786,69,smooth,rough
1787,69,smooth,rough
1788,69,smooth,smooth
1789,69,smooth,smooth
1790,69,rough,smooth
1791,69,rough,rough
1792,69,smooth,smooth
1793,69,smooth,smooth
1794,70,smooth,rough
1795,70,rough,rough
1796,70,rough,rough
1797,70,smooth,smooth
1798,70,smooth,smooth
1799,70,rough,rough
1800,70,rough,rough
1801,70,rough,rough
1802,70,rough,rough
1803,70,smooth,smooth
1804,70,smooth,rough
1805,70,rough,rough
1806,70,rough,rough
1807,70,rough,smooth
1808,70,rough,smooth
1809,70,smooth,smooth
1810,70,smooth,smooth
1811,70,rough,smooth
1812,70,rough,smooth
1813,70,rough,smooth
1814,70,smooth,rough
1815,70,rough,rough
1816,70,rough,rough
1817,70,smooth,smooth
1818,70,smooth,smooth
1819,70,rough,rough
1820,71,rough,smooth
1821,71,smooth,smooth
1822,71,rough,rough
1823,71,rough,rough
1824,71,rough,rough
1825,71,smooth,smooth
1826,71,rough,rough
1827,71,smooth,smooth
1828,71,rough,rough
1829,71,rough,rough
1830,71,rough,rough
1831,71,rough,rough
1832,71,rough,smooth
1833,71,rough,smooth
1834,71,rough,rough
1835,71,rough,smooth
1836,71,smooth,smooth
1837,71,rough,rough
1838,71,rough,rough
1839,71,rough,rough
1840,71,smooth,smooth
1841,71,smooth,smooth
1842,71,rough,smooth
1843,71,smooth,smooth
1844,71,rough,smooth
1845,71,rough,rough
1846,72,smooth,smooth
1847,72,rough,rough
1848,72,smooth,smooth
1849,72,smooth,smooth
1850,72,smooth,smooth
1851,72,rough,smooth
1852,72,rough,rough
1853,72,smooth,smooth
1854,72,rough,smooth
1855,72,rough,rough
1856,72,rough,smooth
1857,72,rough,rough
1858,72,smooth,rough
1859,72,smooth,smooth
1860,72,rough,smooth
1861,72,smooth,rough
1862,72,smooth,rough
1863,72,rough,smooth
1864,72,rough,rough
1865,72,smooth,smooth
1866,72,rough,rough
1867,72,smooth,smooth
1868,72,smooth,smooth
1869,72,smooth,rough
1870,72,smooth,rough
1871,72,rough,rough
1872,73,rough,rough
1873,73,smooth,smooth
1874,73,smooth,smooth
1875,73,rough,rough
1876,73,rough,smooth
1877,73,smooth,smooth
1878,73,rough,rough
1879,73,smooth,smooth
1880,73,smooth,smooth
1881,73,rough,rough
1882,73,smooth,smooth
1883,73,smooth,rough
1884,73,rough,smooth
1885,73,smooth,smooth
1886,73,rough,rough
1887,73,rough,rough
1888,73,smooth,smooth
1889,73,rough,rough
1890,73,rough,smooth
1891,73,smooth,smooth
1892,73,smooth,smooth
1893,73,rough,rough
1894,73,smooth,smooth
1895,73,smooth,rough
1896,73,smooth,rough
1897,73,smooth,smooth
1898,74,rough,smooth
1899,74,rough,rough
1900,74,smooth,smooth
1901,74,rough,smooth
1902,74,rough,smooth
1903,74,smooth,smooth
1904,74,rough,smooth
1905,74,rough,rough
1906,74,smooth,smooth
1907,74,smooth,smooth
1908,74,rough,rough
1909,74,rough,rough
1910,74,rough,smooth
1911,74,smooth,smooth
1912,74,smooth,smooth
1913,74,rough,smooth
1914,74,rough,rough
1915,74,smooth,smooth
1916,74,rough,rough
1917,74,smooth,smooth
1918,74,rough,rough
1919,74,rough,rough
1920,74,smooth,smooth
1921,74,smooth,rough
1922,74,rough,rough
1923,74,rough,smooth
1924,75,rough,rough
1925,75,rough,rough
1926,75,rough,rough
1927,75,smooth,smooth
1928,75,smooth,rough
1929,75,smooth,smooth
1930,75,smooth,smooth
1931,75,rough,smooth
1932,75,rough,rough
1933,75,rough,rough
1934,75,smooth,smooth
1935,75,rough,smooth
1936,75,smooth,smooth
1937,75,smooth,smooth
1938,75,rough,rough
1939,75,smooth,smooth
1940,75,smooth,smooth
1941,75,rough,rough
1942,75,smooth,rough
1943,75,rough,smooth
1944,75,rough,smooth
1945,75,smooth,smooth
1946,75,rough,rough
1947,75,rough,smooth
1948,75,rough,rough
1949,75,rough,rough
1950,76,rough,rough
1951,76,rough,smooth
1952,76,rough,rough
1953,76,smooth,smooth
1954,76,smooth,rough
1955,76,smooth,smooth
1956,76,smooth,rough
1957,76,smooth,smooth
1958,76,rough,rough
1959,76,smooth,smooth
1960,76,rough,rough
1961,76,smooth,smooth
1962,76,rough,rough
1963,76,rough,rough
1964,76,rough,rough
1965,76,smooth,smooth
1966,76,smooth,smooth
1967,76,rough,rough
1968,76,rough,rough
1969,76,rough,rough
1970,76,rough,smooth
1971,76,smooth,rough
1972,76,rough,rough
1973,76,smooth,smooth
1974,76,rough,smooth
1975,76,smooth,smooth
1976,77,rough,smooth
1977,77,rough,rough
1978,77,smooth,smooth
1979,77,smooth,smooth
1980,77,smooth,rough
1981,77,smooth,rough
1982,77,rough,smooth
1983,77,rough,rough
1984,77,rough,rough
1985,77,smooth,rough
1986,77,rough,smooth
1987,77,smooth,rough
1988,77,smooth,rough
1989,77,smooth,rough
1990,77,smooth,rough
1991,77,smooth,smooth
1992,77,smooth,rough
1993,77,rough,smooth
1994,77,smooth,rough
1995,77,rough,rough
1996,77,rough,rough
1997,77,smooth,smooth
1998,77,rough,rough
1999,77,smooth,rough
2000,77,rough,rough
2001,77,smooth,rough
2002,78,smooth,rough
2003,78,rough,smooth
2004,78,rough,smooth
2005,78,smooth,rough
2006,78,smooth,smooth
2007,78,smooth,rough
2008,78,rough,rough
2009,78,smooth,smooth
2010,78,smooth,rough
2011,78,rough,rough
2012,78,rough,rough
2013,78,rough,rough
2014,78,smooth,rough
2015,78,smooth,smooth
2016,78,rough,smooth
2017,78,rough,smooth
2018,78,smooth,smooth
2019,78,rough,smooth
2020,78,smooth,smooth
2021,78,rough,smooth
2022,78,smooth,rough
2023,78,smooth,smooth
2024,78,rough,rough
2025,78,rough,smooth
2026,78,rough,rough
2027,78,rough,rough
2028,79,smooth,rough
2029,79,smooth,smooth
2030,79,rough,rough
2031,79,smooth,smooth
2032,79,rough,smooth
2033,79,rough,smooth
2034,79,smooth,smooth
2035,79,smooth,rough
2036,79,rough,smooth
2037,79,smooth,smooth
2038,79,rough,smooth
2039,79,rough,smooth
2040,79,smooth,rough
2041,79,smooth,smooth
2042,79,smooth,smooth
2043,79,rough,rough
2044,79,rough,smooth
2045,79,smooth,smooth
2046,79,rough,smooth
2047,79,smooth,smooth
2048,79,smooth,smooth
2049,79,rough,rough
2050,79,smooth,rough
2051,79,smooth,rough
2052,79,smooth,smooth
2053,79,rough,rough
2054,80,rough,smooth
2055,80,smooth,smooth
2056,80,smooth,rough
2057,80,rough,rough
2058,80,rough,rough
2059,80,smooth,smooth
2060,80,rough,rough
2061,80,rough,rough
2062,80,smooth,smooth
2063,80,rough,rough
2064,80,rough,smooth
2065,80,rough,rough
2066,80,rough,rough
2067,80,rough,rough
2068,80,smooth,smooth
2069,80,rough,rough
2070,80,rough,rough
2071,80,smooth,smooth
2072,80,smooth,rough
2073,80,rough,rough
2074,80,rough,smooth
2075,80,rough,smooth
2076,80,rough,rough
2077,80,rough,smooth
2078,80,rough,rough
2079,80,smooth,rough
2080,81,smooth,rough
2081,81,smooth,smooth
2082,81,smooth,rough
2083,81,smooth,smooth
2084,81,rough,smooth
2085,81,smooth,smooth
2086,81,smooth,smooth
2087,81,smooth,rough
2088,81,smooth,smooth
2089,81,rough,rough
2090,81,smooth,smooth
2091,81,rough,rough
2092,81,smooth,rough
2093,81,rough,rough
2094,81,smooth,smooth
2095,81,rough,rough
2096,81,rough,smooth
2097,81,rough,rough
2098,81,smooth,smooth
2099,81,smooth,smooth
2100,81,rough,rough
2101,81,smooth,rough
2102,81,smooth,rough
2103,81,rough,rough
2104,81,rough,rough
2105,81,smooth,smooth
2106,82,smooth,smooth
2107,82,rough,rough
2108,82,rough,rough
2109,82,rough,smooth
2110,82,rough,smooth
2111,82,rough,smooth
2112,82,smooth,smooth
2113,82,smooth,rough
2114,82,rough,rough
2115,82,smooth,smooth
2116,82,smooth,rough
2117,82,rough,rough
2118,82,rough,smooth
2119,82,rough,rough
2120,82,rough,rough
2121,82,rough,smooth
2122,82,rough,rough
2123,82,smooth,smooth
2124,82,rough,rough
2125,82,smooth,rough
2126,82,smooth,smooth
2127,82,smooth,smooth
2128,82,smooth,smooth
2129,82,smooth,rough
2130,82,rough,rough
2131,82,rough,smooth
2132,83,rough,smooth
2133,83,rough,smooth
2134,83,rough,smooth
2135,83,rough,smooth
2136,83,smooth,smooth
2137,83,smooth,smooth
2138,83,smooth,smooth
2139,83,smooth,smooth
2140,83,smooth,smooth
2141,83,rough,rough
2142,83,smooth,rough
2143,83,smooth,rough
2144,83,smooth,smooth
2145,83,smooth,smooth
2146,83,rough,rough
2147,83,smooth,rough
2148,83,smooth,smooth
2149,83,smooth,rough
2150,83,rough,rough
2151,83,rough,smooth
2152,83,smooth,smooth
2153,83,smooth,rough
2154,83,smooth,smooth
2155,83,rough,rough
2156,83,smooth,smooth
2157,83,smooth,rough
2158,84,smooth,smooth
2159,84,smooth,smooth
2160,84,smooth,rough
2161,84,smooth,smooth
2162,84,smooth,smooth
2163,84,smooth,smooth
2164,84,smooth,rough
2165,84,rough,smooth
2166,84,rough,smooth
2167,84,rough,rough
2168,84,smooth,smooth
2169,84,smooth,smooth
2170,84,rough,smooth
2171,84,smooth,rough
2172,84,rough,rough
2173,84,rough,rough
2174,84,smooth,smooth
2175,84,rough,rough
2176,84,rough,smooth
2177,84,smooth,smooth
2178,84,smooth,smooth
2179,84,smooth,smooth
2180,84,rough,rough
2181,84,rough,rough
2182,84,rough,rough
2183,84,rough,rough
2184,85,rough,rough
2185,85,rough,rough
2186,85,rough,rough
2187,85,smooth,rough
2188,85,smooth,smooth
2189,85,rough,smooth
2190,85,smooth,smooth
2191,85,rough,rough
2192,85,smooth,smooth
2193,85,rough,rough
2194,85,smooth,smooth
2195,85,rough,smooth
2196,85,smooth,smooth
2197,85,rough,smooth
2198,85,smooth,smooth
2199,85,smooth,smooth
2200,85,rough,rough
2201,85,rough,rough
2202,85,rough,rough
2203,85,rough,rough
2204,85,smooth,rough
2205,85,rough,rough
2206,85,smooth,smooth
2207,85,rough,smooth
2208,85,rough,smooth
2209,85,rough,rough
2210,86,rough,rough
2211,86,rough,smooth
2212,86,rough,rough
2213,86,rough,smooth
2214,86,rough,rough
2215,86,smooth,rough
2216,86,smooth,smooth
2217,86,rough,smooth
2218,86,smooth,rough
2219,86,smooth,smooth
2220,86,rough,rough
2221,86,smooth,rough
2222,86,rough,smooth
2223,86,rough,rough
2224,86,smooth,smooth
2225,86,rough,rough
2226,86,rough,rough
2227,86,rough,rough
2228,86,smooth,smooth
2229,86,smooth,smooth
2230,86,rough,rough
2231,86,smooth,rough
2232,86,smooth,smooth
2233,86,rough,rough
2234,86,rough,rough
2235,86,rough,rough
2236,87,smooth,rough
2237,87,rough,rough
2238,87,rough,rough
2239,87,smooth,smooth
2240,87,smooth,smooth
2241,87,smooth,smooth
2242,87,rough,smooth
2243,87,rough,smooth
2244,87,smooth,smooth
2245,87,smooth,smooth
2246,87,rough,rough
2247,87,rough,rough
2248,87,smooth,rough
2249,87,smooth,smooth
2250,87,smooth,rough
2251,87,smooth,rough
2252,87,smooth,rough
2253,87,smooth,smooth
2254,87,smooth,smooth
2255,87,rough,rough
2256,87,rough,smooth
2257,87,smooth,smooth
2258,87,smooth,rough
2259,87,rough,smooth
2260,87,smooth,rough
2261,87,smooth,smooth
2262,88,smooth,rough
2263,88,rough,rough
2264,88,rough,smooth
2265,88,rough,rough
2266,88,smooth,rough
2267,88,rough,smooth
2268,88,smooth,rough
2269,88,smooth,rough
2270,88,rough,rough
2271,88,rough,rough
2272,88,smooth,smooth
2273,88,rough,rough
2274,88,rough,smooth
2275,88,rough,rough
2276,88,smooth,smooth
2277,88,rough,rough
2278,88,rough,rough
2279,88,smooth,rough
2280,88,rough,rough
2281,88,rough,rough
2282,88,rough,rough
2283,88,rough,rough
2284,88,smooth,smooth
2285,88,rough,smooth
2286,88,smooth,smooth
2287,88,smooth,smooth
2288,89,rough,smooth
2289,89,smooth,smooth
2290,89,smooth,rough
2291,89,rough,rough
2292,89,smooth,smooth
2293,89,rough,smooth
2294,89,smooth,rough
2295,89,rough,smooth
2296,89,rough,rough
2297,89,smooth,rough
2298,89,smooth,rough
2299,89,rough,smooth
2300,89,smooth,smooth
2301,89,rough,rough
2302,89,rough,rough
2303,89,rough,rough
2304,89,smooth,smooth
2305,89,smooth,rough
2306,89,smooth,smooth
2307,89,rough,rough
2308,89,rough,rough
2309,89,rough,rough
2310,89,rough,rough
2311,89,rough,rough
2312,89,rough,rough
2313,89,smooth,rough
2314,90,smooth,smooth
2315,90,rough,rough
2316,90,rough,smooth
2317,90,rough,rough
2318,90,smooth,smooth
2319,90,rough,smooth
2320,90,smooth,smooth
2321,90,smooth,smooth
2322,90,rough,rough
2323,90,rough,rough
2324,90,smooth,rough
2325,90,smooth,smooth
2326,90,smooth,smooth
2327,90,rough,rough
2328,90,rough,rough
2329,90,smooth,rough
2330,90,rough,smooth
2331,90,smooth,smooth
2332,90,smooth,smooth
2333,90,smooth,smooth
2334,90,rough,rough
2335,90,smooth,rough
2336,90,rough,rough
2337,90,rough,rough
2338,90,smooth,smooth
2339,90,rough,smooth
2340,91,rough,smooth
2341,91,rough,rough
2342,91,rough,rough
2343,91,smooth,smooth
2344,91,smooth,smooth
2345,91,rough,rough
2346,91,smooth,smooth
2347,91,rough,smooth
2348,91,smooth,smooth
2349,91,rough,smooth
2350,91,rough,rough
2351,91,smooth,rough
2352,91,smooth,rough
2353,91,rough,smooth
2354,91,rough,rough
2355,91,smooth,rough
2356,91,smooth,smooth
2357,91,rough,rough
2358,91,rough,rough
2359,91,smooth,smooth
2360,91,smooth,smooth
2361,91,rough,smooth
2362,91,smooth,rough
2363,91,rough,rough
2364,91,rough,rough
2365,91,rough,smooth
2366,92,rough,rough
2367,92,smooth,smooth
2368,92,rough,rough
2369,92,rough,rough
2370,92,rough,smooth
2371,92,smooth,smooth
2372,92,smooth,smooth
2373,92,rough,rough
2374,92,smooth,smooth
2375,92,rough,rough
2376,92,smooth,smooth
2377,92,rough,rough
2378,92,rough,rough
2379,92,rough,rough
2380,92,rough,smooth
2381,92,rough,rough
2382,92,rough,rough
2383,92,rough,rough
2384,92,smooth,smooth
2385,92,rough,smooth
2386,92,rough,rough
2387,92,rough,rough
2388,92,smooth,smooth
2389,92,smooth,smooth
2390,92,rough,smooth
2391,92,rough,smooth
2392,93,rough,rough
2393,93,rough,rough
2394,93,rough,rough
2395,93,smooth,smooth
2396,93,rough,smooth
2397,93,smooth,smooth
2398,93,rough,smooth
2399,93,rough,smooth
2400,93,smooth,smooth
2401,93,smooth,smooth
2402,93,smooth,smooth
2403,93,rough,rough
2404,93,smooth,smooth
2405,93,rough,smooth
2406,93,rough,rough
2407,93,rough,smooth
2408,93,smooth,smooth
2409,93,rough,rough
2410,93,smooth,smooth
2411,93,smooth,smooth
2412,93,smooth,smooth
2413,93,rough,rough
2414,93,smooth,smooth
2415,93,rough,smooth
2416,93,rough,rough
2417,93,smooth,smooth
2418,94,rough,rough
2419,94,smooth,smooth
2420,94,rough,rough
2421,94,rough,rough
2422,94,rough,rough
2423,94,smooth,smooth
2424,94,smooth,smooth
2425,94,smooth,smooth
2426,94,rough,rough
2427,94,rough,rough
2428,94,smooth,smooth
2429,94,smooth,rough
2430,94,rough,rough
2431,94,smooth,smooth
2432,94,smooth,smooth
2433,94,smooth,smooth
2434,94,rough,rough
2435,94,smooth,smooth
2436,94,smooth,smooth
2437,94,smooth,rough
2438,94,smooth,rough
2439,94,smooth,rough
2440,94,rough,rough
2441,94,smooth,smooth
2442,94,smooth,rough
2443,94,rough,smooth
2444,95,rough,rough
2445,95,smooth,smooth
2446,95,smooth,rough
2447,95,rough,rough
2448,95,smooth,smooth
2449,95,rough,rough
2450,95,rough,rough
2451,95,smooth,smooth
2452,95,rough,rough
2453,95,smooth,rough
2454,95,rough,smooth
2455,95,rough,smooth
2456,95,smooth,smooth
2457,95,rough,smooth
2458,95,rough,rough
2459,95,rough,smooth
2460,95,smooth,rough
2461,95,smooth,smooth
2462,95,rough,rough
2463,95,rough,smooth
2464,95,smooth,smooth
2465,95,rough,rough
2466,95,rough,rough
2467,95,smooth,rough
2468,95,smooth,smooth
2469,95,rough,smooth
2470,96,rough,rough
2471,96,rough,smooth
2472,96,smooth,smooth
2473,96,smooth,smooth
2474,96,rough,smooth
2475,96,rough,smooth
2476,96,rough,smooth
2477,96,smooth,smooth
2478,96,smooth,smooth
2479,96,rough,rough
2480,96,rough,rough
2481,96,smooth,smooth
2482,96,rough,smooth
2483,96,rough,rough
2484,96,rough,smooth
2485,96,rough,smooth
2486,96,rough,smooth
2487,96,rough,smooth
2488,96,rough,rough
2489,96,smooth,smooth
2490,96,smooth,smooth
2491,96,smooth,smooth
2492,96,rough,rough
2493,96,rough,rough
2494,96,smooth,rough
2495,96,rough,rough
2496,97,rough,rough
2497,97,rough,rough
2498,97,rough,rough
2499,97,rough,smooth
2500,97,smooth,smooth
2501,97,rough,smooth
2502,97,rough,smooth
2503,97,smooth,smooth
2504,97,rough,rough
2505,97,rough,rough
2506,97,smooth,smooth
2507,97,rough,rough
2508,97,rough,smooth
2509,97,rough,smooth
2510,97,rough,rough
2511,97,rough,rough
2512,97,rough,rough
2513,97,smooth,smooth
2514,97,rough,rough
2515,97,rough,smooth
2516,97,rough,rough
2517,97,smooth,smooth
2518,97,smooth,smooth
2519,97,rough,smooth
2520,97,smooth,smooth
2521,97,smooth,rough
2522,98,rough,rough
2523,98,smooth,smooth
2524,98,rough,rough
2525,98,smooth,smooth
2526,98,rough,rough
2527,98,rough,rough
2528,98,rough,rough
2529,98,rough,smooth
2530,98,rough,smooth
2531,98,rough,rough
2532,98,smooth,smooth
2533,98,smooth,smooth
2534,98,rough,smooth
2535,98,rough,smooth
2536,98,smooth,smooth
2537,98,rough,smooth
2538,98,rough,rough
2539,98,rough,rough
2540,98,rough,smooth
2541,98,smooth,smooth
2542,98,smooth,rough
2543,98,smooth,smooth
2544,98,smooth,smooth
2545,98,rough,rough
2546,98,rough,rough
2547,98,smooth,smooth
2548,99,rough,rough
2549,99,smooth,rough
2550,99,rough,smooth
2551,99,rough,smooth
2552,99,smooth,smooth
2553,99,rough,rough
2554,99,rough,rough
2555,99,rough,smooth
2556,99,smooth,rough
2557,99,smooth,smooth
2558,99,rough,rough
2559,99,smooth,smooth
2560,99,rough,rough
2561,99,smooth,smooth
2562,99,smooth,smooth
2563,99,rough,rough
2564,99,smooth,smooth
2565,99,smooth,rough
2566,99,smooth,smooth
2567,99,rough,rough
2568,99,smooth,smooth
2569,99,smooth,rough
2570,99,smooth,smooth
2571,99,rough,smooth
2572,99,rough,rough
2573,99,rough,rough
2574,100,rough,rough
2575,100,rough,rough
2576,100,rough,smooth
2577,100,smooth,smooth
2578,100,rough,smooth
2579,100,rough,smooth
2580,100,smooth,smooth
2581,100,rough,smooth
2582,100,smooth,smooth
2583,100,smooth,smooth
2584,100,rough,smooth
2585,100,rough,rough
2586,100,rough,smooth
2587,100,smooth,rough
2588,100,rough,smooth
2589,100,smooth,smooth
2590,100,rough,rough
2591,100,smooth,rough
2592,100,rough,smooth
2593,100,rough,rough
2594,100,rough,smooth
2595,100,rough,rough
2596,100,smooth,smooth
2597,100,rough,rough
2598,100,smooth,smooth
2599,100,rough,smooth
